Unnamed: 0,"!NOTE!: Unless otherwise indicated, values are reported from the year in which the event took place. Next to the original cost or revenue values you will see original values converted to USD2018. Further details can be found in the source of the value. Cells marked in a light gray are missing values, they have been imputed based on the values converted to USD2019.",Unnamed: 2,Number of Athletes,SOURCE,Number of events,SOURCE.1,Number of countries,SOURCE.2,Accredited Media,SOURCE.3,Ticketing Revenue,Ticketing Revenue (USD2018),SOURCE.4,Broadcast Revenue,Broadcast Revenue (USD2018),SOURCE.5,International Sponsorship Revenue ,International Sponsorship Revenue (USD 2018),SOURCE.6,Domestic Sponsorship Revenue,Domestic Sponsorship Revenue (USD 2018),SOURCE.7,Cost of venues,Cost of venues (USD 2018),SOURCE.8,Cost of organisation,Cost of organisation (USD 2018),SOURCE.9
,,,SPORTS,,,,,,MEDIA,,,,,MARKETING,,,,,,,,,COSTS,,,,,
Summer Olympic Games,SUMMER OLYMPIC GAMES,1964 Tokyo,5558,"Tokyo Metropolitan Government, ""18th Olympic Games Tokyo Metropolitan Report"" [dai 18kai orinpikku kyogitaikai tokyo to hokokusho], 1965, p.25",163.0,"[1] Tokyo Metropolitan Government, ""18th Olympic Games Tokyo Metropolitan Report"" [dai 18kai orinpikku kyogitaikai tokyo to hokokusho], 1965, p.303, [2] Organizing Committee. (1964). THE GAMES OF THE XVII OLXMPIAD TOKYO 1964 | The Official Report of the Organizing Committee, p. 44",94.0,"Organizing Committee. (1964). THE GAMES OF THE XVII OLXMPIAD TOKYO 1964 | The Official Report of the Organizing Committee, p. 78",1891,"Organizing Committee. (1964). THE GAMES OF THE XVII OLXMPIAD TOKYO 1964 | The Official Report of the Organizing Committee, p. 91, p. 385.",1910480100,42964387.0,"Organizing Committee (English), 1964, p. 62. (THE GAMES OF THE XVII OLXMPIAD TOKYO 1964 | The Official Report of the Organizing Committee)",1600000,12953543.0,"International Olympic Committee IOC. (2017). Olympic Marketing Fact File 2018 Edition. https://stillmed.olympic.org/media/Document%20Library/OlympicOrg/Documents/IOC-Marketing-and-Broadcasting-General-Files/Olympic-Marketing-Fact-File-2018.pdf, p. 27",1000000.0,8095965.0,"[1] International Olympic Committee IOC. (2017). Olympic Marketing Fact File 2018 Edition. https://stillmed.olympic.org/media/Document%20Library/OlympicOrg/Documents/IOC-Marketing-and-Broadcasting-General-Files/Olympic-Marketing-Fact-File-2018.pdf, p. 20 [2], Organizing Committee. (1964). THE GAMES OF THE XVII OLXMPIAD TOKYO 1964 | The Official Report of the Organizing Committee, p. 67",No domestic sponsorship,No domestic sponsorship,,16434700000,369596525.0,The Tokyo Metropolitan Government. (1965). Official Report | Tokyo Olympic Games 1964. p. 331,9819300000.0,220824180.0,The Tokyo Metropolitan Government. (1965). Official Report | Tokyo Olympic Games 1964. p. 62
,,1968 Mexico City,6059,"OCOG of the XIX Olympiad, 1969 Vol.2, p.165 ",172.0,"OCOG of the XIX Olympiad, 1969 Vol.2, p.123",113.0,"OCOG of the XIX Olympiad, 1969 Vol.3, p.8",4377,"OCOG of the XIX Olympiad, 1969 Vol.2, p.303",,69267458.0,"No original source, value is imputed",9800000,70745900.2,"International Olympic Committee IOC. (2020). Olympic Marketing Fact File 2020 Edition. https://stillmedab.olympic.org/media/Document%20Library/OlympicOrg/Documents/IOC-Marketing-and-Broadcasting-General-Files/Olympic-Marketing-Fact-File.pdf#_ga=2.241424773.649950629.1612188945-1369859038.1612188945, p. 27",,1935092.0,"No original source, value is imputed",No domestic sponsorship,No domestic sponsorship,,53600000,366903358.5,"OCOG of the XIX Olympiad, 1969 Vol.2, p.23-24",76880000.0,554996720.0,"OCOG of the XIX Olympiad, 1969 Vol.2 (pt1), p. 23-24"
,,1972 Munich,7134,IOC. (2018). 1972 Olympics—Munich Summer Games results & highlights. https://www.olympic.org/munich-1972,195.0,"Flyvbjerg, B., Stewart, A., & Budzier, A. (2016). The Oxford Olympics Study 2016: Cost and Cost Overrun at the Games. https://papers.ssrn.com/sol3/papers.cfm?abstract_id=2804554, p. 9",121.0,IOC. (2018). 1972 Olympics—Munich Summer Games results & highlights. https://www.olympic.org/munich-1972,4500,"Deutscher Bundestag. (1975). Unterrichtung durch die Bundesregierung betr. Gesamtfinanzierung der Olympischen Sommerspiele 1972, p. 29",53420871,100592619.0,"Organizing Committee Olympics Münich 1972. (1974). Die Spiele—The official report of the Organizing Committee for the Games of the XXth Olympiad Munich 1972, The organization (Pro Sport München, Vol. 1), p. 310",18000000,108089169.32,"International Olympic Committee IOC. (2020). Olympic Marketing Fact File 2020 Edition. https://library.olympic.org/doc/SYRACUSE/355225, p. 27",6000000.0,11298125.78,"Organizing Committee Olympics Münich 1972. (1974). Die Spiele—The official report of the Organizing Committee for the Games of the XXth Olympiad Munich 1972, The organization (Pro Sport München, Vol. 1), p. 251",No domestic sponsorship,No domestic sponsorship,,638750000,1202779640.0,"Organizing Committee Olympics Münich 1972. (1974). Die Spiele—The official report of the Organizing Committee for the Games of the XXth Olympiad Munich 1972, The organization (Pro Sport München, Vol. 1), p. 29",527300000.0,992916953.0,"Organizing Committee Olympics Münich 1972. (1974). Die Spiele—The official report of the Organizing Committee for the Games of the XXth Olympiad Munich 1972, The organization (Pro Sport München, Vol. 1), p. 29 and 53"
,,1976 Montreal,6084,IOC: https://www.olympic.org/montreal-1976 (accessed 18.05.2015),198.0,IOC: https://www.olympic.org/montreal-1976 (accessed 18.05.2015),92.0,IOC: https://www.olympic.org/montreal-1976 (accessed 18.05.2015),8733,"Chattigny, L. (Ed.). (1978). Montréal 1976. Games of the XXI Olympiad Montréal 1967. Official Report. Volume I Organization. (Vol. 1), p. 383-385",27000000,120828662.0,"Chattigny, L. (Ed.). (1978). Montréal 1976. Games of the XXI Olympiad Montréal 1967. Official Report. Volume I Organization. (Vol. 1), p. 58-59",35000000,154436930.0,"International Olympic Committee IOC. (2020). Olympic Marketing Fact File 2020 Edition. https://library.olympic.org/doc/SYRACUSE/355225, p. 27",7000000.0,30887386.0,"International Olympic Committee IOC. (2020). Olympic Marketing Fact File 2020 Edition. https://library.olympic.org/doc/SYRACUSE/355225, p. 20",No domestic sponsorship,No domestic sponsorship,,1128000000,5047952972.0,"Chattigny, L. (Ed.). (1978). Montréal 1976. Games of the XXI Olympiad Montréal 1967. Official Report. Volume I Organization. (Vol. 1), p. 58 and p. 90",207000000.0,926353072.0,"Chattigny, L. (Ed.). (1978). Montréal 1976. Games of the XXI Olympiad Montréal 1967. Official Report. Volume I Organization. (Vol. 1), p. 58"
,,1980 Moscow,5748,"Organizing Committee Olympic Games Moscow. (1981). Official Report of the Organizing Committee of the Games of the XXII Olympiad, Vol 3, Moscow, 1980, p. 7",203.0,"Organizing Committee Olympic Games Moscow. (1981). Official Report of the Organizing Committee of the Games of the XXII Olympiad, Vol 3, Moscow, 1980, p. 6",81.0,"Organizing Committee Olympic Games Moscow. (1981). Official Report of the Organizing Committee of the Games of the XXII Olympiad, Vol 3, Moscow, 1980, p. 6",5615,"Organizing Committee Olympic Games Moscow. (1981). Official Report of the Organizing Committee of the Games of the XXII Olympiad, Vol 2, Moscow, 1980, p. 482",20200000,96250122.0,"Organizing Committee Olympic Games Moscow. (1981). Official Report of the Organizing Committee of the Games of the XXII Olympiad, Vol 2, Moscow, 1980, p. 525 and 529",88000000,268147121.08,"International Olympic Committee IOC. (2020). Olympic Marketing Fact File 2020 Edition. https://library.olympic.org/doc/SYRACUSE/355225, p. 27",7800000.0,37165888.56,"Organizing Committee Olympic Games Moscow. (1981). Official Report of the Organizing Committee of the Games of the XXII Olympiad, Vol 2, Moscow, 1980, p. 506 and 525",No domestic sponsorship,No domestic sponsorship,,431300000,2055083042.0,"Organizing Committee Olympic Games Moscow. (1981). Official Report of the Organizing Committee of the Games of the XXII Olympiad, Vol 2, Moscow, 1980, p. 524",150300000.0,716158083.36,"Organizing Committee Olympic Games Moscow. (1981). Official Report of the Organizing Committee of the Games of the XXII Olympiad, Vol 2, Moscow, 1980, p. 524"
,,1984 Los Angeles,6829,IOC 2018: https://www.olympic.org/los-angeles-1984 (accessed 07.07.2018),221.0,IOC 2018: https://www.olympic.org/los-angeles-1984 (accessed 07.07.2018),140.0,IOC 2018: https://www.olympic.org/los-angeles-1984 (accessed 07.07.2018),9190,IOC 2018: https://www.olympic.org/los-angeles-1984 (accessed 07.07.2018),156000000,377080498.0,"International Olympic Committee IOC. (2020). Olympic Marketing Fact File 2020 Edition. https://library.olympic.org/doc/SYRACUSE/355225, p. 33",287000000,693731428.81,"International Olympic Committee IOC. (2020). Olympic Marketing Fact File 2020 Edition. https://library.olympic.org/doc/SYRACUSE/355225, p. 27",123191000.0,297775151.38,"LAOOC Los Angeles Olympic Games Organizing Commitee. (1985). Official Report of the Games of the XXIIIrd Olympiad Los Angeles, 1984: Vol. 1 Organization and Planning, p. 311",No domestic sponsorship,No domestic sponsorship,,27770000,67125162.99,"LAOOC Los Angeles Olympic Games Organizing Commitee. (1985). Official Report of the Games of the XXIIIrd Olympiad Los Angeles, 1984: Vol. 1 Organization and Planning, p. 308",165228000.0,399386259.65,"LAOOC Los Angeles Olympic Games Organizing Commitee. (1985). Official Report of the Games of the XXIIIrd Olympiad Los Angeles, 1984: Vol. 1 Organization and Planning, p. 308"
,,1988 Seoul,8397,IOC 2019: https://www.olympic.org/seoul-1988 (acessed 30.01.2019),237.0,IOC 2019: https://www.olympic.org/seoul-1988 (acessed 30.01.2019),159.0,IOC 2019: https://www.olympic.org/seoul-1988 (acessed 30.01.2019),11331,IOC 2019: https://www.olympic.org/seoul-1988 (acessed 30.01.2019),36000000,76441502.41,"International Olympic Committee IOC. (2020). Olympic Marketing Fact File 2020 Edition. https://library.olympic.org/doc/SYRACUSE/355225, p. 33",403000000,855720151.94,"International Olympic Committee IOC. (2020). Olympic Marketing Fact File 2020 Edition. https://library.olympic.org/doc/SYRACUSE/355225, p. 27",63936000.0,135760108.27,"International Olympic Committee IOC. (2020). Olympic Marketing Fact File 2020 Edition. https://library.olympic.org/doc/SYRACUSE/355225, p. 15 and 21",No domestic sponsorship,No domestic sponsorship,,774000000000,2246856371.0,"SLOOC. (1989). Official Report, Organization and Planning, Volume 1.II, p. 156",568391000000.0,1649990878.0,"SLOOC. (1989). Official Report, Organization and Planning, Volume 1.III, p. 221"
,,1992 Barcelona (note that cost of venues in 1992 and cost of organization was reported in 1985),9959,"COOB’92 Comitè Organitzador de les Olimpíades de Barcelona 1992. (1992). Official report of the Games of the XXV Olympiad Barcelona 1992, vol. 4. COOB’92. p.87",257.0,"COOB’92 Comitè Organitzador de les Olimpíades de Barcelona 1992. (1992). Official report of the Games of the XXV Olympiad Barcelona 1992, vol. 3. COOB’92. p.24",172.0,"COOB’92 Comitè Organitzador de les Olimpíades de Barcelona 1992. (1992). Official report of the Games of the XXV Olympiad Barcelona 1992, vol. 3. COOB’92. p.87",12831,"COOB’92 Comitè Organitzador de les Olimpíades de Barcelona 1992. (1992). Official report of the Games of the XXV Olympiad Barcelona 1992, vol. 3. COOB’92. p.55",79000000,141375980.98,"International Olympic Committee IOC. (2020). Olympic Marketing Fact File 2020 Edition. https://library.olympic.org/doc/SYRACUSE/355225, p. 33",636000000,1138166125.35,"International Olympic Committee IOC. (2020). Olympic Marketing Fact File 2020 Edition. https://library.olympic.org/doc/SYRACUSE/355225, p. 27",114552000.0,204998751.56,"International Olympic Committee IOC. (2020). Olympic Marketing Fact File 2020 Edition. https://library.olympic.org/doc/SYRACUSE/355225, p. 15",No domestic sponsorship,No domestic sponsorship,,87511000000,1529678996.0,"Brunet, F. (2002). Anàlisi de l’impact economic dels Jocs Olímpics de Barcelona 1986-2004. In M. de Moragas & M. Botella (Eds.), Barcelona: L’herència dels Jocs (1992-2002) (pp. 245–274). Centre d’Estudis Olímpics - UAB, Editorial Planeta. P. 212",70254000000.0,998663592.45,"COOB’92 Comitè Organitzador de les Olimpíades de Barcelona 1992. (1992). Official report of the Games of the XXV Olympiad Barcelona 1992, vol. 1.III COOB’92. p.283 and vol2.part XXX, p. 59"
,,1996 Atlanta,10318,IOC 2018: https://www.olympic.org/atlanta-1996 20 (accessed 06.13.18),271.0,IOC 2018: https://www.olympic.org/atlanta-1996 (accessed 06.13.18),197.0,IOC 2018: https://www.olympic.org/atlanta-1996 (accessed 06.13.18),15108,"IOC. (2020). Summer Olympic Games—Atlanta 1996—""All Facts"". https://www.olympic.org/atlanta-1996",425000000,680398228.86,"International Olympic Committee IOC. (2020). Olympic Marketing Fact File 2020 Edition. https://library.olympic.org/doc/SYRACUSE/355225, p. 33",898000000,1437641434.15,"International Olympic Committee IOC. (2020). Olympic Marketing Fact File 2020 Edition. https://library.olympic.org/doc/SYRACUSE/355225, p. 27",185814000.0,297476509.4,"International Olympic Committee IOC. (2020). Olympic Marketing Fact File 2020 Edition. https://library.olympic.org/doc/SYRACUSE/355225, p. 15 and 19",426000000,681999165.87,"International Olympic Committee IOC. (2020). Olympic Marketing Fact File 2020 Edition. https://library.olympic.org/doc/SYRACUSE/355225, p. 15 and 19",494239000,791245506.43,"Atlanta Committee for the Olympic Games (Ed.). (1997). The official report of the Centennial Olympic Games, vol 1. Peachtree. library.la84.org/6oic/OfficialReports/1996/1996v1.pdf, p. 222",1226779000.0,1963995903.06,"Atlanta Committee for the Olympic Games (Ed.). (1997). The official report of the Centennial Olympic Games, vol 1. Peachtree. library.la84.org/6oic/OfficialReports/1996/1996v1.pdf, p. 222"
,,2000 Sydney,10651,IOC 2017: https://www.olympic.org/sydney-2000 (accessed 23.08.17),300.0,IOC 2017: https://www.olympic.org/sydney-2000 (accessed 23.08.17),199.0,IOC 2017: https://www.olympic.org/sydney-2000 (accessed 23.08.17),5900,"Sydney 2000. (2000). Sydney 2000 Broadcast Report (pp. 1–22). https://stillmed.olympic.org/media/Document%20Library/OlympicOrg/Games/Summer-Games/Games-Sydney-2000-Olympic-Games/IOC-Marketing-and-Broadcasting-Various-files/IOC-Marketing-Report-Chap-1-Sydney-2000.pdf, 10",551000000,803478580.74,"International Olympic Committee IOC. (2020). Olympic Marketing Fact File 2020 Edition. https://library.olympic.org/doc/SYRACUSE/355225, p. 33",1332000000,1942347494.65,"International Olympic Committee IOC. (2020). Olympic Marketing Fact File 2020 Edition. https://library.olympic.org/doc/SYRACUSE/355225, p. 27",385614000.0,562309599.7,"International Olympic Committee IOC. (2020). Olympic Marketing Fact File 2020 Edition. https://library.olympic.org/doc/SYRACUSE/355225, p. 15 and 19",492000000,717443669.2,"International Olympic Committee IOC. (2020). Olympic Marketing Fact File 2020 Edition. https://library.olympic.org/doc/SYRACUSE/355225, p. 15 and 19",1966000000,1661946805.28,"Sydney Organising Committee for the Olympic Games SOCOG (Ed.). (2001). Official Report of the XXVII Olympiad Volume One: Preparing for the Games (First Edition). Paragon Pringer Australasia, p. 370-393",2015700000.0,1703960414.75,"Sydney Organising Committee for the Olympic Games SOCOG (Ed.). (2001). Official Report of the XXVII Olympiad Volume One: Preparing for the Games (First Edition). Paragon Pringer Australasia, p. 274"
,,2004 Athens ,10625,"IOC, 2018: https://www.olympic.org/athens-2004 (accessed 1/6/2018)",301.0,"IOC, 2018: https://www.olympic.org/athens-2004 (accessed 1/6/2018)",201.0,"IOC, 2018: https://www.olympic.org/athens-2004 (accessed 1/6/2018)",15000,"Garcia, B., & Miah, A. (2006). Non-accredited media, Olympic Games and the host city. Communication Forum 2006: Global Olympiad, Chinese Media. https://www.researchgate.net/publication/43328947_Non-accredited_media_Olympic_Games_and_the_host_city, p.7",228000000,303107709.36,"International Olympic Committee IOC. (2020). Olympic Marketing Fact File 2020 Edition. https://library.olympic.org/doc/SYRACUSE/355225, p. 33",1494000000,1986153148.16,"International Olympic Committee IOC. (2020). Olympic Marketing Fact File 2020 Edition. https://library.olympic.org/doc/SYRACUSE/355225, p. 27",441558000.0,587015938.28,"International Olympic Committee IOC. (2020). Olympic Marketing Fact File 2020 Edition. https://library.olympic.org/doc/SYRACUSE/355225, p. 15-21",302000000,401484772.92,"International Olympic Committee IOC. (2020). Olympic Marketing Fact File 2020 Edition. https://library.olympic.org/doc/SYRACUSE/355225, p. 15-21",3000000000,4960521559.27,"Kasimati, E. (2015). Post-Olympic use of the Olympic venues: The case of Greece. Athens journal of sports, 2(3), 167–184, p. 168",1962600000.0,2589614782.89,"ATHOC. (2004). Official Report of the XXVIII Olympiad, Vol 1.II: Athens 2004. p. 131"
,,2008 Beijing,10500,"International Olympic Committee (IOC). (2010). Final report of the IOC coordination commission: Games of the XXIX Olympics. https://stillmed.olympic.org/media/Document%20Library/OlympicOrg/Games/Summer-Games/Games-Beijing-2008-Olympic-Games/Final-Report-of-the-IOC-Coordination-Commission/Final-Report-of-the-IOC-Coordination-Commission-Beijing-2008.pdf, p. 42",302.0,"Beijing Organizing Committee for the Games of the XXIX Olympiad (BOCOG). (2010b). Ceremonies and competitions: Celebration of the Games official report of the Beijing 2008 Olympic Games (Vol. 2). BOCOG. https://digital.la84.org/digital/collection/p17103coll8/id/44636/rec/89, p. 125",204.0,"Beijing Organizing Committee for the Games of the XXIX Olympiad (BOCOG). (2010b). Ceremonies and competitions: Celebration of the Games official report of the Beijing 2008 Olympic Games (Vol. 2). BOCOG. https://digital.la84.org/digital/collection/p17103coll8/id/44636/rec/89, p. 109",24704,"Beijing Organizing Committee for the Games of the XXIX Olympiad (BOCOG). (2010). Preparation for the games: New Beijing Great Olympics. Official report of the Beijing 2008 Olympic Games (Vol. 3). BOCOG. https://stillmed.olympic.org/Documents/Reports/Official%20Past%20Games%20Reports/Summer/ENG/2008-RO-S-Beijing-vol3.pdf, p. 131-132",185000000,215765569.14,"International Olympic Committee IOC. (2020). Olympic Marketing Fact File 2020 Edition. https://library.olympic.org/doc/SYRACUSE/355225, p. 33",1739000000,2028196349.9,"International Olympic Committee IOC. (2020). Olympic Marketing Fact File 2020 Edition. https://library.olympic.org/doc/SYRACUSE/355225, p. 27",576756000.0,672670738.35,"International Olympic Committee IOC. (2020). Olympic Marketing Fact File 2020 Edition. https://library.olympic.org/doc/SYRACUSE/355225, p. 15 and 19",1218000000,1420553855.19,"International Olympic Committee IOC. (2020). Olympic Marketing Fact File 2020 Edition. https://library.olympic.org/doc/SYRACUSE/355225, p. 15 and 19",1758000000,2050356057.0,"Matheson, V. (2012). Assessing the infrastructure impact of mega-events in emerging economies. Economics Department Working Papers. https://crossworks.holycross.edu/econ_working_papers/8, p. 34",19343000000.0,3246474043.58,"Beijing Organizing Committee for the Games of the XXIX Olympiad (BOCOG). (2010). Preparation for the games: New Beijing Great Olympics. Official report of the Beijing 2008 Olympic Games (Vol. 3). BOCOG. https://stillmed.olympic.org/Documents/Reports/Official%20Past%20Games%20Reports/Summer/ENG/2008-RO-S-Beijing-vol3.pdf, p. 297"
,,2012 London,10568,IOC 2017: https://www.olympic.org/london-2012 (accessed 2014.12.2017),302.0,"IOC. (2020). Summer Olympic Games—London 2008—""All Facts"". https://www.olympic.org/london-2012",204.0,IOC 2017: https://www.olympic.org/london-2012 (accessed 2014.12.2017),21000,"IOC. (2020). Summer Olympic Games—London 2012—""All Facts"". https://www.olympic.org/london-2012",988000000,1080567526.0,"International Olympic Committee IOC. (2020). Olympic Marketing Fact File 2020 Edition. https://library.olympic.org/doc/SYRACUSE/355225, p. 33",2569000000,2809694307.26,"International Olympic Committee IOC. (2020). Olympic Marketing Fact File 2020 Edition. https://library.olympic.org/doc/SYRACUSE/355225, p. 27",632700000.0,691978819.85,"International Olympic Committee IOC. (2020). Olympic Marketing Fact File 2020 Edition. https://library.olympic.org/doc/SYRACUSE/355225, p. 15 and 19",1150000000,1257745602.7,"International Olympic Committee IOC. (2020). Olympic Marketing Fact File 2020 Edition. https://library.olympic.org/doc/SYRACUSE/355225, p. 15 and 19",4486000000,7750871314.97,"Jennings, W. (2012). Why costs overrun: Risk, optimism and uncertainty in budgeting for the London 2012 Olympic Games. Construction Management and Economics, 30(6), 455–462.",1896919000.0,3277479951.83,"The London Organising Committee of the Olympic Games (LOCOG). (2013). London 2012. Reports and Accounts. The London Organising Committee of the Olympic Games and Paralympic Games Limited, p. 43"
,,2016 Rio de Janeiro (cost of venues is reported in 2017 and cost of organization is  reported in 2015),11238,IOC 2018: https://www.olympic.org/rio-2016 (accessed 1/6/2018),306.0,IOC 2018: https://www.olympic.org/rio-2016 (accessed 1/6/2018),207.0,IOC 2018: https://www.olympic.org/rio-2016 (accessed 1/6/2018),25000,"Holmes, T. (2016). Suspended reality: The ins and outs of Rio’s Olympic bubble. The Conversation. http://theconversation.com/suspended-reality-the-ins-and-outs-of-rios-olympic-bubble-62692",321000000,335844504.0,"International Olympic Committee IOC. (2020). Olympic Marketing Fact File 2020 Edition. https://library.olympic.org/doc/SYRACUSE/355225, p. 33",2868000000,3000629398.46,"International Olympic Committee IOC. (2020). Olympic Marketing Fact File 2020 Edition. https://library.olympic.org/doc/SYRACUSE/355225, p. 27",667998000.0,698889273.68,"International Olympic Committee IOC. (2020). Olympic Marketing Fact File 2020 Edition. https://library.olympic.org/doc/SYRACUSE/355225, p. 15 and 19",848000000,887215386.99,"International Olympic Committee IOC. (2020). Olympic Marketing Fact File 2020 Edition. https://library.olympic.org/doc/SYRACUSE/355225, p. 19",7230000000,2302301924.0,"Brito, Renata, and Stephen Wade. 2017. ‘AP Analysis: Rio de Janeiro Olympics Cost $13.1 Billion’. AP NEWS. Retrieved 3 December 2021 (https://apnews.com/article/d1662ddb3bae4d2984ca4ab65012be78).",9000000000.0,2865936005.0,"Brito, Renata, and Stephen Wade. 2017. ‘AP Analysis: Rio de Janeiro Olympics Cost $13.1 Billion’. AP NEWS. Retrieved 3 December 2021 (https://apnews.com/article/d1662ddb3bae4d2984ca4ab65012be78)."
Winter Olympic Games,OLYMPIC WINTER GAMES,1964 Innsbruck,1091,"Laibach, 2014: http://www.laibach.info/content/sport/olympische-spiele/olympische-winterspiele/winterspiele-1964-in-innsbruck.html (accessed 07.01.2019)",34.0,"Laibach, 2014: http://www.laibach.info/content/sport/olympische-spiele/olympische-winterspiele/winterspiele-1964-in-innsbruck.html (accessed 07.01.2019)",36.0,"Laibach, 2014: http://www.laibach.info/content/sport/olympische-spiele/olympische-winterspiele/winterspiele-1964-in-innsbruck.html (accessed 07.01.2019)",1164,"Organisationskomitee der IX. Olympischen Winterspiele in Innsbruck 1964, 1967, p.302",30401000,9466362.0,"Organisationskomitee der IX. Olympischen Winterspiele in Innsbruck 1964, p.256",900000,7286368.0,"International Olympic Committee IOC. (2020). Olympic Marketing Fact File 2020 Edition. https://library.olympic.org/doc/SYRACUSE/355225, p. 27",,846208.0,"No original source, value is imputed",No domestic sponsorship,No domestic sponsorship,,137556000,42832635.0,"Organisationskomitee der IX. Olympischen Winterspiele in Innsbruck 1964, 1967, p. 252-253",102047000.0,31775727.0,"Organisationskomitee der IX. Olympischeen Winterspiele in Innsbruck 1964 (1967, vol 3), p. 262-264"
,,1968 Grenoble,1293,"Steering Committee of the Xth Winter Olympics of Grenoble. (1969). The Official Report of the Organising Committee of the Xth Winter Olympic Games 1968 at Grenoble, p. 398-399",35.0,"Steering Committee of the Xth Winter Olympics of Grenoble. (1969). The Official Report of the Organising Committee of the Xth Winter Olympic Games 1968 at Grenoble, p. 372-394",37.0,"Steering Committee of the Xth Winter Olympics of Grenoble. (1969). The Official Report of the Organising Committee of the Xth Winter Olympic Games 1968 at Grenoble, p. 398",1545,"Steering Committee of the Xth Winter Olympics of Grenoble. (1969). The Official Report of the Organising Committee of the Xth Winter Olympic Games 1968 at Grenoble, p. 175 and 176",6222000,9097919.31,"Steering Committee of the Xth Winter Olympics of Grenoble. (1969). The Official Report of the Organising Committee of the Xth Winter Olympic Games 1968 at Grenoble, p. 334",2600000,18769320.0,"International Olympic Committee IOC. (2020). Olympic Marketing Fact File 2020 Edition. https://library.olympic.org/doc/SYRACUSE/355225, p. 27",2650000.0,3874877.24,"Steering Committee of the Xth Winter Olympics of Grenoble. (1969). The Official Report of the Organising Committee of the Xth Winter Olympic Games 1968 at Grenoble, p. 334",No domestic sponsorship,No domestic sponsorship,,27500000,40210990.22,"Steering Committee of the Xth Winter Olympics of Grenoble. (1969). The Official Report of the Organising Committee of the Xth Winter Olympic Games 1968 at Grenoble, p. 338",118970000.0,173960054.79,"Steering Committee of the Xth Winter Olympics of Grenoble. (1969). The Official Report of the Organising Committee of the Xth Winter Olympic Games 1968 at Grenoble, p. 333-334"
,,1972 Sapporo,1128,"Organizing Committee for the XIth Olympic Winter Games. (1973). The Official Report of the XIth Olympic Winter Games, Sapporo 1972. Organizing Committee for the XIth Olympic Winter Games, p. 92.",35.0,"Organizing Committee for the XIth Olympic Winter Games. (1973). The Official Report of the XIth Olympic Winter Games, Sapporo 1972. Organizing Committee for the XIth Olympic Winter Games, p. 328.",35.0,"Organizing Committee for the XIth Olympic Winter Games. (1973). The Official Report of the XIth Olympic Winter Games, Sapporo 1972. Organizing Committee for the XIth Olympic Winter Games, p. 92.",1875,"Organizing Committee for the XIth Olympic Winter Games. (1973). The Official Report of the XIth Olympic Winter Games, Sapporo 1972. Organizing Committee for the XIth Olympic Winter Games, p. 143",706000000,13983802.66,"Organizing Committee for the XIth Olympic Winter Games. (1973). The Official Report of the XIth Olympic Winter Games, Sapporo 1972. Organizing Committee for the XIth Olympic Winter Games, p. 126",8500000,51042107.73,"International Olympic Committee IOC. (2020). Olympic Marketing Fact File 2020 Edition. https://library.olympic.org/doc/SYRACUSE/355225, p. 27",,1088885.0,"No original source, value is imputed",No domestic sponsorship,No domestic sponsorship,,9197000000,182165769.16,"Organizing Committee for the XIth Olympic Winter Games. (1973). The Official Report of the XIth Olympic Winter Games, Sapporo 1972. Organizing Committee for the XIth Olympic Winter Games, p. 129",8108000000.0,160595852.6,"Organizing Committee for the XIth Olympic Winter Games. (1973). The Official Report of the XIth Olympic Winter Games, Sapporo 1972. Organizing Committee for the XIth Olympic Winter Games, p. 125-127"
,,1976 Innsbruck,1261,"Organizing Committee for the XIIth Winter Olympic Games 1976 at Innsbruck. (1976). Final Report Innsbruck’76. OffsetBuchdruckGassler, p.164",37.0,"Organizing Committee for the XIIth Winter Olympic Games 1976 at Innsbruck. (1976). Final Report Innsbruck’76. OffsetBuchdruckGassler, p.33 and 158",37.0,"Organizing Committee for the XIIth Winter Olympic Games 1976 at Innsbruck. (1976). Final Report Innsbruck’76. OffsetBuchdruckGassler, p.163",2058,"Organizing Committee for the XIIth Winter Olympic Games 1976 at Innsbruck. (1976). Final Report Innsbruck’76. OffsetBuchdruckGassler, p.235",82698960,20340457.87,"Organizing Committee for the XIIth Winter Olympic Games 1976 at Innsbruck. (1976). Final Report Innsbruck’76. OffsetBuchdruckGassler, p.271",12000000,52949804.58,"International Olympic Committee IOC. (2020). Olympic Marketing Fact File 2020 Edition. https://library.olympic.org/doc/SYRACUSE/355225, p. 27",,6772630.0,"No original source, value is imputed",No domestic sponsorship,No domestic sponsorship,,230000000,56570304.04,"Organizing Committee for the XIIth Winter Olympic Games 1976 at Innsbruck. (1976). Final Report Innsbruck’76. OffsetBuchdruckGassler, p.185",334000000.0,82149919.78,"Organizing Committee for the XIIth Winter Olympic Games 1976 at Innsbruck. (1976). Final Report Innsbruck’76. OffsetBuchdruckGassler, p.184"
,,1980 Lake Placid,1072,IOC 2018: https://www.olympic.org/lake-placid-1980 (accessed on 22.8.2018),38.0,IOC 2018: https://www.olympic.org/lake-placid-1980 (accessed on 22.8.2018),37.0,IOC 2018: https://www.olympic.org/lake-placid-1980 (accessed on 22.8.2018),4000,"LPOOC. (1980). Lake Placid 1980 Final Report. IOC, p. 112",11700000,35651378.6,"Chappelet, Jean-loup (2002) From Lake Placid to Salt Lake City: The challenging growth of the Olympic Winter Games Since 1980, European Journal of Sport Science, 2:3, p. 14, Table 9 10.1080/17461390200072302",21000000,63989653.9,"International Olympic Committee IOC. (2020). Olympic Marketing Fact File 2020 Edition. https://library.olympic.org/doc/SYRACUSE/355225, p. 27",30000000.0,91413791.28,"LPOOC. (1980). Lake Placid 1980 Final Report. IOC, p. 124",No domestic sponsorship,No domestic sponsorship,,92000000,280335626.59,"LPOOC. (1980). Lake Placid 1980 Final Report. IOC, p. 144-145",53562545.0,163211843.63,"LPOOC. (1980). Lake Placid 1980 Final Report. IOC, p. 221"
,,1984 Sarajevo,1272,IOC 2018: https://www.olympic.org/sarajevo-1984 (accessed 22 July 2018),39.0,IOC 2018: https://www.olympic.org/sarajevo-1984 (accessed 22 July 2018),49.0,IOC 2018: https://www.olympic.org/sarajevo-1984 (accessed 22 July 2018),7393,Organizing Committee of the XIV Olympic Winter Games Yugoslavia. (1984). Sarajevo ’84: Tout sur les Jeux / All on the Games / Alles über die Spiele / Sve o igrama. P. 134-135,YUM 404'690'853,6401909.16,Organizing Committee of the XIV Olympic Winter Games Yugoslavia. (1984). Sarajevo ’84: Tout sur les Jeux / All on the Games / Alles über die Spiele / Sve o igrama. P. 181,103000000,248969815.91,"International Olympic Committee IOC. (2020). Olympic Marketing Fact File 2020 Edition. https://library.olympic.org/doc/SYRACUSE/355225, p. 27",11694000.0,28266534.25,Organizing Committee of the XIV Olympic Winter Games Yugoslavia. (1984). Sarajevo ’84: Tout sur les Jeux / All on the Games / Alles über die Spiele / Sve o igrama. P. 171,1009000000,15961632,Organizing Committee of the XIV Olympic Winter Games Yugoslavia. (1984). Sarajevo ’84: Tout sur les Jeux / All on the Games / Alles über die Spiele / Sve o igrama. P. 171,8632718000,136563196.47,"Organizing Committee of the XIV Olympic Winter Games Yugoslavia. (1984). Sarajevo ’84. Yugoslavia 8-19.02. Final report published by the Organizing Committee of the XIV Winter Olympic Games 1984 in Sarajevo. COJO; IOC  Library. https://library.olympic.org/Default/doc/SYRACUSE/44680/final-report-rapport-sic-final-publie-par-le-comite-d-organisation-des-xivemes-jeux-olympiques-d-hiv, p. 184",4505622000.0,71275598.53,"Organizing Committee of the XIV Olympic Winter Games Yugoslavia. (1984). Sarajevo ’84. Yugoslavia 8-19.02. Final report published by the Organizing Committee of the XIV Winter Olympic Games 1984 in Sarajevo. COJO; IOC  Library. https://library.olympic.org/Default/doc/SYRACUSE/44680/final-report-rapport-sic-final-publie-par-le-comite-d-organisation-des-xivemes-jeux-olympiques-d-hiv, p. 184"
,,1988 Calgary,1423,IOC 2018: https://www.olympic.org/calgary-1988 (accessed 15.6.2018),46.0,IOC 2018: https://www.olympic.org/calgary-1988 (accessed 15.6.2018),57.0,IOC 2018: https://www.olympic.org/calgary-1988 (accessed 15.6.2018),6838,"IOC. (2020). Summer Olympic Games—Calgary 1988—""More About"". https://www.olympic.org/atlanta-1996",32000000,67948002.14,"International Olympic Committee IOC. (2020). Olympic Marketing Fact File 2020 Edition. https://library.olympic.org/doc/SYRACUSE/355225, p. 33",325000000,690096896.72,"International Olympic Committee IOC. (2020). Olympic Marketing Fact File 2020 Edition. https://library.olympic.org/doc/SYRACUSE/355225, p. 27",31968000.0,67880054.14,"International Olympic Committee IOC. (2020). Olympic Marketing Fact File 2020 Edition. https://library.olympic.org/doc/SYRACUSE/355225, p. 15 and 21",No domestic sponsorship,No domestic sponsorship,,297600000,513335840.69,"OCO’88 The Calgary Olympic Winter Games Organizing Committee. (1988). Rapport officiel des XVes Jeux Olympiques d’hiver | XV Olympic Winter Games: Official report. Part 1: Vol. Part I. Comité d’organisation des XVes Jeux Olympique d’hiver, p. 99-192",526764000.0,908625137.05,"OCO’88 The Calgary Olympic Winter Games Organizing Committee. (1988). Rapport officiel des XVes Jeux Olympiques d’hiver | XV Olympic Winter Games: Official report. Part 1: Vol. Part I. Comité d’organisation des XVes Jeux Olympique d’hiver, p. 81"
,,1992 Albertville,1801,IOC 2020: https://www.olympic.org/albertville-1992 (accessed 26 May 2020),57.0,"Organizing Committee of the XVI Olympic Winter Games of Albertville and Savoie. (1992). Rapport officiel des XVIes jeux olympiques d’hiver d’Albertville et de la Savoie/Official report of the XVI Olympic winter games of Albertville and Savoie. Organizing Committee of the XVI Olympic Winter Games of Albertville and Savoie. http://library.la84.org/6oic/OfficialReports/1992/orw1992.pdf, p. 325",64.0,IOC 2020: https://www.olympic.org/albertville-1992 (accessed 26 May 2020),7407,"Organizing Committee of the XVI Olympic Winter Games of Albertville and Savoie. (1992). Rapport officiel des XVIes jeux olympiques d’hiver d’Albertville et de la Savoie/Official report of the XVI Olympic winter games of Albertville and Savoie. Organizing Committee of the XVI Olympic Winter Games of Albertville and Savoie. http://library.la84.org/6oic/OfficialReports/1992/orw1992.pdf, p. 165",32000000,57266220.14,"International Olympic Committee IOC. (2020). Olympic Marketing Fact File 2020 Edition. https://library.olympic.org/doc/SYRACUSE/355225, p. 33",292000000,522554258.81,"International Olympic Committee IOC. (2020). Olympic Marketing Fact File 2020 Edition. https://library.olympic.org/doc/SYRACUSE/355225, p. 27",57276000.0,102499375.78,"International Olympic Committee IOC. (2020). Olympic Marketing Fact File 2020 Edition. https://library.olympic.org/doc/SYRACUSE/355225, p. 15",No domestic sponsorship,No domestic sponsorship,,496000000,167666492.67,"Organizing Committee of the XVI Olympic Winter Games of Albertville and Savoie. (1992). Rapport officiel des XVIes jeux olympiques d’hiver d’Albertville et de la Savoie/Official report of the XVI Olympic winter games of Albertville and Savoie. Organizing Committee of the XVI Olympic Winter Games of Albertville and Savoie. http://library.la84.org/6oic/OfficialReports/1992/orw1992.pdf, p. 51",3108740000.0,1050870025.08,"Organizing Committee of the XVI Olympic Winter Games of Albertville and Savoie. (1992). Rapport officiel des XVIes jeux olympiques d’hiver d’Albertville et de la Savoie/Official report of the XVI Olympic winter games of Albertville and Savoie. Organizing Committee of the XVI Olympic Winter Games of Albertville and Savoie. http://library.la84.org/6oic/OfficialReports/1992/orw1992.pdf, p. 53"
,,1994 Lillehammer,1737,"IOC. (1994). The Results of the XVII Olympic Winter Games in Lillehammer. 129–181, p. 129",61.0,"IOC. (1994). The Results of the XVII Olympic Winter Games in Lillehammer. 129–181, p. 129",67.0,"IOC. (1994). The Results of the XVII Olympic Winter Games in Lillehammer. 129–181, p. 129",8000,"LOOC. (1994). Official report of the XVII Olympic Winter Games Lillehammer 1994. vol 2, 40",26000000,44046163.35,"International Olympic Committee IOC. (2020). Olympic Marketing Fact File 2020 Edition. https://library.olympic.org/doc/SYRACUSE/355225, p. 33",353000000,598011371.66,"International Olympic Committee IOC. (2020). Olympic Marketing Fact File 2020 Edition. https://library.olympic.org/doc/SYRACUSE/355225, p. 27",92907000.0,157392188.4,"International Olympic Committee IOC. (2020). Olympic Marketing Fact File 2020 Edition. https://library.olympic.org/doc/SYRACUSE/355225, p. 15 and 19",No domestic sponsorship,No domestic sponsorship,,1273670000,305710251.74,"LOOC. (1994). Official report of the XVII Olympic Winter Games Lillehammer 1994. vol 3, 13-103",4484648000.0,1076419220.87,"LOOC. (1994). Official report of the XVII Olympic Winter Games Lillehammer 1994. vol 1, p. 29-30"
,,1998 Nagano,2305,"The Organizing Committee for the XVIII Olympic Winter Games, Nagano 1998 (NAOC). (1999). Official Report of the XVIII Olympic Winter Games Vol. I (Vol. I). NAOC., p.11",68.0,"The Organizing Committee for the XVIII Olympic Winter Games, Nagano 1998 (NAOC). (1999). Official Report of the XVIII Olympic Winter Games Vol. I (Vol. I). NAOC., p.10",72.0,"The Organizing Committee for the XVIII Olympic Winter Games, Nagano 1998 (NAOC). (1999). Official Report of the XVIII Olympic Winter Games Vol. I (Vol. I). NAOC., p.10",8329,"The Organizing Committee for the XVIII Olympic Winter Games, Nagano 1998 (NAOC). (1999). Official Report of the XVIII Olympic Winter Games Vol. I (Vol. I). NAOC., p.271",74000000,113993953.58,"International Olympic Committee IOC. (2020). Olympic Marketing Fact File 2020 Edition. https://library.olympic.org/doc/SYRACUSE/355225, p. 33",514000000,791795839.74,"International Olympic Committee IOC. (2020). Olympic Marketing Fact File 2020 Edition. https://library.olympic.org/doc/SYRACUSE/355225, p. 27",192807000.0,297011246.06,"International Olympic Committee IOC. (2020). Olympic Marketing Fact File 2020 Edition. https://library.olympic.org/doc/SYRACUSE/355225, p. 15 and 19",163000000,251094790,"International Olympic Committee IOC. (2020). Olympic Marketing Fact File 2020 Edition. https://library.olympic.org/doc/SYRACUSE/355225, p. 15 and 19",106600000000,1254443386.51,"The Organizing Committee for the XVIII Olympic Winter Games, Nagano 1998 (NAOC). (1999). Official Report of the XVIII Olympic Winter Games Vol. II (Vol. II). NAOC., p.185",113800000000.0,1339171270.03,"The Organizing Committee for the XVIII Olympic Winter Games, Nagano 1998 (NAOC). (1999). Official Report of the XVIII Olympic Winter Games Vol. I (Vol. I). NAOC., p.59 and 88"
,,2002 Salt Lake City,2399,IOC 2018: https://www.olympic.org/salt-lake-city-2002 (accessed on 26.06.18),80.0,IOC 2018: https://www.olympic.org/salt-lake-city-2002 (accessed on 26.06.18),77.0,IOC 2018: https://www.olympic.org/salt-lake-city-2002 (accessed on 26.06.18),8730,IOC 2018: https://www.olympic.org/salt-lake-city-2002 (accessed on 26.06.18),183000000,255470129.71,"International Olympic Committee IOC. (2020). Olympic Marketing Fact File 2020 Edition. https://library.olympic.org/doc/SYRACUSE/355225, p. 33",738000000,1030256588.68,"International Olympic Committee IOC. (2020). Olympic Marketing Fact File 2020 Edition. https://library.olympic.org/doc/SYRACUSE/355225, p. 27",220779000.0,308210053.38,"International Olympic Committee IOC. (2020). Olympic Marketing Fact File 2020 Edition. https://library.olympic.org/doc/SYRACUSE/355225, p. 15 and 19",494000000,689629749,"International Olympic Committee IOC. (2020). Olympic Marketing Fact File 2020 Edition. https://library.olympic.org/doc/SYRACUSE/355225, p. 15 and 19",284000000,396467305.13,"Salt Lake City Committee for the Olympic Winter Games, 2002. (2002). Salt Lake 2002—Official Report of the XIX Olympic Winter Games (Vol. 1). SLOC. p. 386",1900000000.0,2652422111.77,"Salt Lake City Committee for the Olympic Winter Games, 2002. (2002). Salt Lake 2002—Official Report of the XIX Olympic Winter Games (Vol. 1). SLOC. p. 187"
,,2006 Turin,2508,IOC 2017: https://www.olympic.org/turin-2006 (accessed 2027.11.2017),84.0,IOC 2017: https://www.olympic.org/turin-2006 (accessed 2027.11.2017),80.0,IOC 2017: https://www.olympic.org/turin-2006 (accessed 2027.11.2017),11863,"The Organising Committee for the XX Olympic Winter Games – Torino 2006. (2007). Relazione Finale—Final Report Volume 1 Part II. TOROC. https://library.olympic.org/Default/doc/SYRACUSE/29828/xx-giochi-olimpici-invernali-torino-2006-xx-olympic-winter-games-torino-2006-comitato-per-l-organizz?_lg=en-GB, p. 187",89000000,110859632.23,"International Olympic Committee IOC. (2020). Olympic Marketing Fact File 2020 Edition. https://library.olympic.org/doc/SYRACUSE/355225, p. 33",831000000,1035105105.46,"International Olympic Committee IOC. (2020). Olympic Marketing Fact File 2020 Edition. https://library.olympic.org/doc/SYRACUSE/355225, p. 27",288378000.0,359207629.49,"International Olympic Committee IOC. (2020). Olympic Marketing Fact File 2020 Edition. https://library.olympic.org/doc/SYRACUSE/355225, p. 15 and 19",348000000,433473618,"International Olympic Committee IOC. (2020). Olympic Marketing Fact File 2020 Edition. https://library.olympic.org/doc/SYRACUSE/355225, p. 15 and 19",1835000000,2871484178.6,"The Organising Committee for the XX Olympic Winter Games – Torino 2006. (2007). Relazione Finale—Final Report Volume 2 Part II. TOROC. https://library.olympic.org/Default/doc/SYRACUSE/29828/xx-giochi-olimpici-invernali-torino-2006-xx-olympic-winter-games-torino-2006-comitato-per-l-organizz?_lg=en-GB, p. 181",1229000000.0,1923190220.98,"The Organising Committee for the XX Olympic Winter Games – Torino 2006. (2007). Relazione Finale—Final Report Volume 1 Part I. TOROC. https://library.olympic.org/Default/doc/SYRACUSE/29828/xx-giochi-olimpici-invernali-torino-2006-xx-olympic-winter-games-torino-2006-comitato-per-l-organizz?_lg=en-GB, p. 21-22"
,,2010 Vancouver,2566,IOC 2018: https://www.olympic.org/vancouver-2010 (accessed 2015.6.2018),86.0,IOC 2018: https://www.olympic.org/vancouver-2010 (accessed 2015.6.2018),82.0,IOC 2018: https://www.olympic.org/vancouver-2010 20(accessed 2015.6.2018),12518,"IOC. (2017). The Olympic Winter Games in numbers: Vancouver 2010, Sochi 2014 and PyeongChang 2018. IOC. Lausanne. https://library.olympic.org/Default/doc/SYRACUSE/171290/the-olympic-winter-games-in-numbers-vancouver-2010-sochi-2014-and-pyeongchang-2018-international-oly, p. 10",250000000,287892500.0,"International Olympic Committee IOC. (2020). Olympic Marketing Fact File 2020 Edition. https://library.olympic.org/doc/SYRACUSE/355225, p. 33",1280000000,1474009600.0,"International Olympic Committee IOC. (2020). Olympic Marketing Fact File 2020 Edition. https://library.olympic.org/doc/SYRACUSE/355225, p. 27",316350000.0,364299169.5,"International Olympic Committee IOC. (2020). Olympic Marketing Fact File 2020 Edition. https://library.olympic.org/doc/SYRACUSE/355225, p. 15 and 19",688000000,792280160,"International Olympic Committee IOC. (2020). Olympic Marketing Fact File 2020 Edition. https://library.olympic.org/doc/SYRACUSE/355225, p. 15 and 19",599800000,670593869.9,"IOC. (2017). The Olympic Winter Games in numbers: Vancouver 2010, Sochi 2014 and PyeongChang 2018. IOC. Lausanne. https://library.olympic.org/Default/doc/SYRACUSE/171290/the-olympic-winter-games-in-numbers-vancouver-2010-sochi-2014-and-pyeongchang-2018-international-oly, p. 69, p. 89",1755000000.0,1962141116.5,"VANOC. (2010). Vancouver 2010 Sustainability Report, vol. 3. Vancouver Organizing Committee, p. 89"
,,2014 Sochi,2780,IOC 2018: https://www.olympic.org/sochi-2014 (accessed 24.08.2018),98.0,IOC 2018: https://www.olympic.org/sochi-2014 (accessed 24.08.2018),88.0,IOC 2018: https://www.olympic.org/sochi-2014 (accessed 24.08.2018),13703,"IOC. (2017). The Olympic Winter Games in numbers: Vancouver 2010, Sochi 2014 and PyeongChang 2018. IOC. Lausanne. https://library.olympic.org/Default/doc/SYRACUSE/171290/the-olympic-winter-games-in-numbers-vancouver-2010-sochi-2014-and-pyeongchang-2018-international-oly, p. 10",205000000,217443468.09,"International Olympic Committee IOC. (2020). Olympic Marketing Fact File 2020 Edition. https://library.olympic.org/doc/SYRACUSE/355225, p. 33",1289000000,1367242099.35,"International Olympic Committee IOC. (2020). Olympic Marketing Fact File 2020 Edition. https://library.olympic.org/doc/SYRACUSE/355225, p. 27",333999000.0,354272687.31,"International Olympic Committee IOC. (2020). Olympic Marketing Fact File 2020 Edition. https://library.olympic.org/doc/SYRACUSE/355225, p. 15 and 19",1189000000,1261172115,"International Olympic Committee IOC. (2020). Olympic Marketing Fact File 2020 Edition. https://library.olympic.org/doc/SYRACUSE/355225, p. 15 and 19",11894000000,12615963948.53,"Müller, M. (2014). After Sochi 2014: Costs and impacts of Russia’s Olympic Games. Eurasian Geography and Economics, 55(6), 628–655. https://doi.org/10.1080/15387216.2015.1040432, p. 631",2327000000.0,2468248537.77,"Müller, M. (2014). After Sochi 2014: Costs and impacts of Russia’s Olympic Games. Eurasian Geography and Economics, 55(6), 628–655, p. 631 https://doi.org/10.1080/15387216.2015.1040432, p. 631-632"
,,2018 PyeongChang (cost of venues variable was reported in 2016),2833,IOC 2018: https://www.olympic.org/pyeongchang-2018 (accessed 4.10.2018) ,102.0,IOC 2018: https://www.olympic.org/pyeongchang-2018 (accessed 4.10.2018),92.0,IOC 2018: https://www.olympic.org/pyeongchang-2018 (accessed 4.10.2018),11228,"PyeongChang Organizing Committee. (2018). Official Report of the PyeongChang 2018 Olympic and Paralympic Winter Games (Vol. 3). POCOG, p. 72",143000000,143000000.0,"International Olympic Committee IOC. (2020). Olympic Marketing Fact File 2020 Edition. https://library.olympic.org/doc/SYRACUSE/355225, p. 33",1436000000,1436000000.0,"International Olympic Committee IOC. (2020). Olympic Marketing Fact File 2020 Edition. https://library.olympic.org/doc/SYRACUSE/355225, p. 27",,360000000.0,"No original source, value is imputed",649000000,649000000,"International Olympic Committee IOC. (2020). Olympic Marketing Fact File 2020 Edition. https://library.olympic.org/doc/SYRACUSE/355225, p. 19",1370000000000,1234833358.0,"POBICO Pyeongchang 2018 Olympic & Paralympic Winter Games Bid Committee. (2010). PyeongChang 2018 (Bid Report). IOC, p. 123",2190000000.0,2190000000.0,"PyeongChang Organizing Committee. (2018). Official Report of the PyeongChang 2018 Olympic and Paralympic Winter Games (Vol. 3). POCOG, p. 29"
FIFA Men's World Cup,FIFA MENS WORLD CUP,1966 England (cost of venues was reported in 2018),352,"FIFA. (1966). World Championship—Jules Rimet Cup 1966 Final competition—Technical Study, p.36-56; Mayes, H. (1967). The World Cup Report 1966 (p. 299). Football Association, p. 274-290",32.0,"Mayes, H. (1967). The World Cup Report 1966 (p. 299). Football Association, p. 259-273",16.0,"Mayes, H. (1967). The World Cup Report 1966 (p. 299). Football Association, p. 274-290",2152,"FIFA. (1966). World Championship—Jules Rimet Cup 1966 Final competition—Technical Study, p.36-56; Mayes, H. (1967). The World Cup Report 1966 (p. 299). Football Association, p. 51",1551099,33613428.0,"Mayes, H. (1967). The World Cup Report 1966 (p. 299). Football Association, p. 245",300000,6501215.0,"European broadcast Union. (1962). Contract—FIFA/EBU World Football Championships 1966, p.2",,2723354.0,"No original source, value is imputed",No domestic sponsorship,No domestic sponsorship,,24360000,24360000.0,"Fett, M. (2020). The game has changed – a systematic approach to classify FIFA World Cups. International Journal of Sport Policy and Politics, 0(0), 1–16. https://doi.org/10.1080/19406940.2020.1784978, p. 6",46060000.0,46060000.0,"Symes, G. N. (1966). World Cup Championship 1966. Preliminary Figures. P. 5"
,,1970 Mexico (cost of venues was reported in 2018),352,FIFA 2018: https://www.fifa.com/worldcup/archive/mexico1970/teams/team=44023/players.html (accessed 23/07/2018),32.0,FIFA 2018: https://www.fifa.com/worldcup/archive/mexico1970/teams/team=44023/players.html (accessed 23/07/2018),16.0,FIFA 2018: https://www.fifa.com/worldcup/archive/mexico1970/teams/team=44023/players.html (accessed 23/07/2018),2662,"Courte, R. (1980). FIFA Official Report WC 1978 Argentina. FIFA Archive, p. 284",7327873,47394320.19,Comite Organizador del IX campeonato Mundial de Futbol Mexico 1970. (1970). Final Report World Cup Mexico 1970. FIFA Archive. p. 179,23750000,12288587.48,Comite Organizador del IX campeonato Mundial de Futbol Mexico 1970. (1970). Final Report World Cup Mexico 1970. FIFA Archive. p. 180 ,2218301.0,1147837.669,Comite Organizador del IX campeonato Mundial de Futbol Mexico 1970. (1970). Final Report World Cup Mexico 1970. FIFA Archive. p. 180 ,No domestic sponsorship,No domestic sponsorship,,68710000,68710000.0,"Fett, M. (2020). The game has changed – a systematic approach to classify FIFA World Cups. International Journal of Sport Policy and Politics, 0(0), 1–16. https://doi.org/10.1080/19406940.2020.1784978, p. 6",46863492.35,24247836.85,Comite Organizador del IX campeonato Mundial de Futbol Mexico 1970. (1970). Final Report World Cup Mexico 1970. FIFA Archive. p. 5
,,1974 West Germany (cost of venues was reported in 1972),352,"FIFA. (1974). FIFA World Cup 1974, Final Competition, Technical Study, English Edition. https://www.fifa.com/who-we-are/official-documents/development/technical-study-group-reports, p. 74-105",38.0,"Merkel, U. (2006). The 1974 and 2006 World Cups in Germany: Commonalities, Continuities and Changes. Soccer & Society, 7(1), 14–28. https://doi.org/10.1080/14660970500355553, p. 15",16.0,"Merkel, U. (2006). The 1974 and 2006 World Cups in Germany: Commonalities, Continuities and Changes. Soccer & Society, 7(1), 14–28. https://doi.org/10.1080/14660970500355553, p. 15",4166,"WM74. (1974). Bericht des WM-Organisationskomitees zum DFB-Bundestag 1974, p. 49",36310115,71448894.26,"Heimann, K.-H. (1976). Official FIFA Report World Cup 74 Bundesrepublik Deutschland – FIFA-Weltpokal 1974. FIFA, p. 100",18016000,35450818.01,"Courte, R. (1980). FIFA Official Report WC 1978 Argentina. FIFA Archive, p. 286",15000000.0,29516111.8,"Heimann, K.-H. (1976). Official FIFA Report World Cup 74 Bundesrepublik Deutschland – FIFA-Weltpokal 1974. FIFA, p. 100",No domestic sponsorship,No domestic sponsorship,,250000000,470755240.75,"Die ZEIT (Online Archiv), D. I. E. (1972, November 24). Fußballweltmeisterschaft 1974 in der Bundesrepublik: Für den Fußball gibt es keine Grenzen. Die Zeit. https://www.zeit.de/1972/47/fuer-den-fussball-gibt-es-keine-grenzen/komplettansicht?print",18000000.0,35419334.16,"Heimann, K.-H. (1976). Official FIFA Report World Cup 74 Bundesrepublik Deutschland – FIFA-Weltpokal 1974. FIFA, p. 94"
,,1978 Argentina ,352,FIFA 2018: https://www.fifa.com/worldcup/archive/argentina1978/teams/index.html (accessed 29/07/2018),38.0,FIFA 2018: https://www.fifa.com/worldcup/archive/argentina1978/teams/index.html (accessed 29/07/2018),16.0,FIFA 2018: https://www.fifa.com/worldcup/archive/argentina1978/teams/index.html (accessed 29/07/2018),6711,"Courte, R. (1980). FIFA Official Report WC 1978 Argentina. FIFA Archive, p. 284",32664196,70322010.11,"Courte, R. (1980). FIFA Official Report WC 1978 Argentina. FIFA Archive, p. 286",23917630,51491725.64,"Courte, R. (1980). FIFA Official Report WC 1978 Argentina. FIFA Archive, p. 286",14108040.0,30372881.0,"Courte, R. (1980). FIFA Official Report WC 1978 Argentina. FIFA Archive, p. 286",No domestic sponsorship,No domestic sponsorship,,400000000,1539737932.88,"Roldán, Diego. 2018. ‘La Copa Del Mundo Argentina 1978: Construcciones, Economías de Juego y Celebraciones’. Ensenada: Universidad Nacional de La Plata. p. 7",12375226.0,26642344.66,"FIFA. (1978). FIFA Balance de Cuenta Argentina 1978, p. 3"
,,1982 Spain,528,"FIFA. (1982). 1982 FIFA World Cup in Spain. Report of FIFA. Fédération Internationale de Football Association. https://www.fifa.com/about-fifa/official-documents/development/technical-study-group-reports/index.html, p. 71",52.0,"FIFA, 2016 available at: https://resources.fifa.com/mm/document/fifafacts/mencompwc/51/97/30/144091-factsheet-fifaworldcupcomparativestatistics1982-2014_neutral.pdf (accessed 28.01.2019)",24.0,"FIFA, 2016 available at: https://resources.fifa.com/mm/document/fifafacts/mencompwc/51/97/30/144091-factsheet-fifaworldcupcomparativestatistics1982-2014_neutral.pdf (accessed 28.01.2019)",7500,"Congresos de los Diputados. (1979). Sesiones informativas de comisiones. http://www.congreso.es/public_oficiales/L1/CONG/DS/CO/CI_013.PDF, p.5",40058928,51348916.31,"FIFA. (1982). 1982 FIFA World Cup in Spain. Report of FIFA. Fédération Internationale de Football Association. https://www.fifa.com/about-fifa/official-documents/development/technical-study-group-reports/index.html, p. 240",39000000,49991545.86,"FIFA. (1982). 1982 FIFA World Cup in Spain. Report of FIFA. Fédération Internationale de Football Association. https://www.fifa.com/about-fifa/official-documents/development/technical-study-group-reports/index.html, p. 240",36000000.0,46146042.33,"FIFA. (1982). 1982 FIFA World Cup in Spain. Report of FIFA. Fédération Internationale de Football Association. https://www.fifa.com/about-fifa/official-documents/development/technical-study-group-reports/index.html, p. 240",No domestic sponsorship,No domestic sponsorship,,7111082000,302200294.6,"FIFA. (1982). 1982 FIFA World Cup in Spain. Report of FIFA. Fédération Internationale de Football Association. https://www.fifa.com/about-fifa/official-documents/development/technical-study-group-reports/index.html, p. 240",51320030.0,65783785.47,"FIFA. (1982). 1982 FIFA World Cup in Spain. Report of FIFA. Fédération Internationale de Football Association. https://www.fifa.com/about-fifa/official-documents/development/technical-study-group-reports/index.html, p. 240"
,,1986 Mexico,528,"Furrer, G., & Vogel, E. (1986). FIFA World Cup—Mexico ’86 Official Report | Part 1. http://www.fifa.com/about-fifa/official-documents/development/technical-study-group-reports/index.html, p. 2",52.0,"Furrer, G., & Vogel, E. (1986). FIFA World Cup—Mexico ’86 Official Report | Part 1. http://www.fifa.com/about-fifa/official-documents/development/technical-study-group-reports/index.html, p. 2",24.0,"Furrer, G., & Vogel, E. (1986). FIFA World Cup—Mexico ’86 Official Report | Part 1. http://www.fifa.com/about-fifa/official-documents/development/technical-study-group-reports/index.html, p. 2",5000,"Furrer, G., & Vogel, E. (1986). FIFA World Cup—Mexico ’86 Official Report | Part 1. http://www.fifa.com/about-fifa/official-documents/development/technical-study-group-reports/index.html, p. 17",50000000,63672933.15,"Furrer, G., & Vogel, E. (1986). FIFA World Cup—Mexico ’86 Official Report | Part 4. http://www.fifa.com/about-fifa/official-documents/development/technical-study-group-reports/index.html, p. 214",49000000,62399474.48,"Furrer, G., & Vogel, E. (1986). FIFA World Cup—Mexico ’86 Official Report | Part 4. http://www.fifa.com/about-fifa/official-documents/development/technical-study-group-reports/index.html, p. 214",45000000.0,57305639.83,"Furrer, G., & Vogel, E. (1986). FIFA World Cup—Mexico ’86 Official Report | Part 4. http://www.fifa.com/about-fifa/official-documents/development/technical-study-group-reports/index.html, p. 214",No domestic sponsorship,No domestic sponsorship,,1200258914,1200258914.0,"No original source, value is imputed",72891593.0,92824430.56,"Furrer, G., & Vogel, E. (1986). FIFA World Cup—Mexico ’86 Official Report | Part 4. http://www.fifa.com/about-fifa/official-documents/development/technical-study-group-reports/index.html, p. 214"
,,1990 Italy,528,"FIFA. (2016). FACT Sheets: FIFA World Cup comparative statistics 1982-2014. https://resources.fifa.com/image/upload/comparative-statistics-1982-2010-519730.pdf?cloudid=o3dx8kjlopctz35v460o, p. 2",52.0,"FIFA. (2016). FACT Sheets: FIFA World Cup comparative statistics 1982-2014. https://resources.fifa.com/image/upload/comparative-statistics-1982-2010-519730.pdf?cloudid=o3dx8kjlopctz35v460o, p. 2",24.0,"FIFA. (2016). FACT Sheets: FIFA World Cup comparative statistics 1982-2014. https://resources.fifa.com/image/upload/comparative-statistics-1982-2010-519730.pdf?cloudid=o3dx8kjlopctz35v460o, p. 2",5342,"FIFA. (1990). FIFA WORLD CUP ITALIA 90 Official Report. https://resources.fifa.com/mm/document/afdeveloping/technicaldevp/50/08/69/fwc_italy_1990_a_part6_273.pdf, p.57",75000000,103771371.19,"FIFA. (1990). FIFA World Cup 1990 Account (p. 1), p. 1",95000000,77828528.39,"FIFA. (1990). FIFA World Cup 1990 Account (p. 1), p. 1",56250000.0,270173081.78,"Fett, M. (2020). The game has changed – a systematic approach to classify FIFA World Cups. International Journal of Sport Policy and Politics, 0(0), 1–16. https://doi.org/10.1080/19406940.2020.1784978, p.4",No domestic sponsorship,No domestic sponsorship,,1248393000000,2002516344.02,"FIFA. (1990). FIFA World Cup 1990 Account (p. 1), p. 1 and p. 86",125648307.12,173849294.9,"Camera dei Deputati. (1990). Relazione sulle opere infrastrutturali nelle aree interessate dai campionati di calcio del 1990. http://www.edizionieuropee.it/LAW/HTML/16/zn38_09_004.html, p. 86"
,,1994 USA,528,FIFA 2020: https://www.fifa.com/worldcup/archive/usa1994/teams/ (Accessed 26.05.20),52.0,FIFA 2020: https://www.fifa.com/worldcup/archive/usa1994/teams/ (Accessed 26.05.20),24.0,FIFA 2020: https://www.fifa.com/worldcup/archive/usa1994/matches/index.html (Accessed 26.05.20),9355,"ISL Marketing AG. (1994). The XV FIFA World Cup, World Cup USA 94, 17 June-17 July 1994, Event Summary. p. 17",105000000,130028316.24,"FIFA. (1994a). FIFA World Cup USA ’94 Final Accounts, p. 3",112843000,139740812.28,"FIFA. (1994a). FIFA World Cup USA ’94 Final Accounts, p. 3",75000000.0,92877368.74,"FIFA. (1994a). FIFA World Cup USA ’94 Final Accounts, p. 3",30000000,50822496.18,"FIFA. (1994a). FIFA World Cup USA ’94 Final Accounts, p. 3",5000000,8470416.0,"FIFA. (1994a). FIFA World Cup USA ’94 Final Accounts, p. 3",493000000.0,835183020.48,"FIFA. (1994a). FIFA World Cup USA ’94 Final Accounts, p. 3"
,,1998 France (ticketing revenue was reported in 2000),704,FIFA 2018: https://www.fifa.com/worldcup/news/players-facts-figures-eto-the-youngest-leighton-the-oldest-71653 (Accessed on 07-09-18),64.0,"Sharp, C., & Dension, J. (1999). Post Event Report—XVI FIFA World Cup France 98 10 June 12 July 1998, p. 6",32.0,"Sharp, C., & Dension, J. (1999). Post Event Report—XVI FIFA World Cup France 98 10 June 12 July 1998, p. 10",9766,"Sharp, C., & Dension, J. (1999). Post Event Report—XVI FIFA World Cup France 98 10 June 12 July 1998, p. 112",1700000000,361111420.0,"Cour des comptes. (2000). L’Organisation de la Coupe du monde de football 1998 (pp. 266–293), p. 268",230000000,244348642.35,"Fujak, H., Frawley, S., & Morgan, A. (2016). Broadcasting sport mega-events. In S. Frawley (Ed.), Managing Sport Mega-Events (pp. 89–104). Routledge. https://doi.org/10.4324/9781315757643-15, p. 93",897000000.0,234201961.44,"Hare, G. (1999). Buying and Selling the World Cup. In France and the 1998 World Cup: The national impact of a world sporting event (Frank Class Publishers, pp. 121–144), p. 130",No domestic sponsorship,No domestic sponsorship,,603000000,928896675.81,"Cour des comptes. (2000). L’Organisation de la Coupe du monde de football 1998 (pp. 266–293), p. 274-275",2500000000.0,652736793.3,"Cour des comptes. (2000). L’Organisation de la Coupe du monde de football 1998 (pp. 266–293), p. 267"
,,2002 Japan & South Korea,736,"FIFA. (2002). 2002 FIFA World Cup Korea/JapanTM Post Event Report. FIFA Marketing AG, p. 12",64.0,"FIFA. (2002). 2002 FIFA World Cup Korea/JapanTM Post Event Report. FIFA Marketing AG, p. 249",32.0,"FIFA. (2002). 2002 FIFA World Cup Korea/JapanTM Post Event Report. FIFA Marketing AG, p. 252",15000,"FIFA. (2002). 2002 FIFA World Cup Korea/JapanTM Post Event Report. FIFA Marketing AG, p. 249",276600000,386136819.01,"KOWOC (The Korean Organizing Committee for the 2002 FIFA World Cup Korea/Japan). (2003). 2002 FIFA World Cup Korea/JapanTM Summary Report. KOWOC, p. 70",1481000000,1326166283.22,"FIFA. (2002). 2002 FIFA World Cup Korea/JapanTM Post Event Report. FIFA Marketing AG, p. 240",840000000.0,752180741.33,"FIFA. (2002). 2002 FIFA World Cup Korea/JapanTM Post Event Report. FIFA Marketing AG, p. 242",No domestic sponsorship,No domestic sponsorship,,4600000000,6421653533.76,"Alm, J. (2012). World Stadium Index 2012. Play the Game and Danish Institute for Sports Studies. https://www.playthegame.org/fileadmin/documents/World_Stadium_Index_Final.pdf, p. 28",955000000.0,855157866.63,"FIFA. (2003). FIFA Financial Report 2002. https://resources.fifa.com/image/upload/fifa-financial-report-2002-1599446.pdf?cloudid=qkdqvkrhkrnqfswpmjct, p. 18"
,,2006 Germany,736,"FIFA. (2006, March 16). Deadline for submitting list of 23 players remains 15 May 2006. FIFA.Com. https://web.archive.org/web/20080423021317/http://www.fifa.com/worldcup/archive/germany2006/media/newsid%3D13258.html",64.0,FIFA Marketing & TV Division. (2007). Post Event Report—FIFA World Cup Germany 2006. p. 6,32.0,FIFA Marketing & TV Division. (2007). Post Event Report—FIFA World Cup Germany 2006. p. 6,18850,FIFA Marketing & TV Division. (2007). Post Event Report—FIFA World Cup Germany 2006. p. 36,262000000,409988476.73,FIFA. (2007). FIFA Finanz Bericht 2006. p. 23,1660000000,1648898710.71,FIFA. (2007). FIFA Finanz Bericht 2006. p. 20,714000000.0,709225108.1,FIFA. (2007). FIFA Finanz Bericht 2006. p. 19-23,65000000,101714698,FIFA. (2007). FIFA Finanz Bericht 2006. p. 19-23,1401000000,2192342961.43,"Presse- und Informationsamt der Bundesregierung, 2006, p.189-191",1196000000.0,1188001721.69,FIFA. (2007). FIFA Finanz Bericht 2006. p. 21-23
,,2010 South Africa,736,"FIFA (2010). 2010 FIFA World Cup South Africa: Technical Report and Statistics, Page 218-280.",64.0,"SRSA, NoYear, 2010 FIFA World Cup Country Report, Page. 73.",32.0,"Department for Sports and Recreation South Africa (SRSA), NoYear, 2010 FIFA World Cup Country Report, Page 90.",14700,"FIFA 2010,  (South Africa Facts and Figures), p8",300000000,345471000.0,"FIFA 2010, p.38-39 (Financial Report)",1338081000,1540893937.17,"FIFA 2010, p.72 (Financial Report)",604604000.0,696243828.28,"FIFA 2010, p.73 (Financial Report)",No domestic sponsorship,No domestic sponsorship,,22900000000,3602097117.88,"Bond, Patrick, and Eddie Cottle. 2011. ‘Economic Promises and Pitfalls of South Africa’s World Cup’. Pp. 39–72 in South Africa’s World Cup: A Legacy for Whom?, edited by E. Cottle. Scottsville, South Africa: University of KwaZulu-Natal Press. p. 45",1588000000.0,1828693160.0,"FIFA 2010 (Financial Report), p37-39"
,,2014 Brazil (note that cost of venues was reported in 2015),736,FIFA 2018: https://www.fifa.com/worldcup/archive/brazil2014/teams/index.html (Accessed 2010/08/2018),64.0,FIFA 2018: https://www.fifa.com/worldcup/archive/brazil2014/matches/index.html (accessed 10/08/2018),32.0,FIFA 2018:  https://www.fifa.com/worldcup/archive/brazil2014/teams/index.html (accessed 10/08/2018),16746,"FIFA. (2015). Final Debrief Report 2014 World Cup Brazil, p. 27",527000000,558988817.96,"FIFA. (2015). FIFA Financial Report 2014. FIFA, p. 36
",2428000000,2575379222.05,"FIFA. (2015). FIFA Financial Report 2014. FIFA, p. 17
",1580000000.0,1675905754.05,"FIFA. (2015). FIFA Financial Report 2014. FIFA, p. 17 and 36
",No domestic sponsorship,No domestic sponsorship,,8457000000,2693024532.55,"de Paula, M. (2015). A Copa do Mundo de 2014: Legados e Desafios (p. 29). Solidar Suisse. http://www.solidar.ch/sites/default/files/solidar_suisse_study_world_cup_brazil_14.pdf  , p.4",2224000000.0,2358996453.8,"FIFA. (2015). FIFA Financial Report 2014. FIFA, p. 18 and 35-36
"
,,2018 Russia (note that cost of venues was reported in 2017),736,FIFA 2018: https://www.fifa.com/worldcup/teams/ (accessed 21.09.19); ,64.0,"FIFA 2018, The 2018 FIFA World Cup in Numbers, p1",32.0,"FIFA 2018, The 2018 FIFA World Cup in Numbers, p1",17572,"FIFA 2018, The 2018 FIFA World Cup in Numbers, p. 10-13",541000000,541000000.0,"FIFA 2018 Financial Report, p. 16-17",3127000000,3127000000.0,"FIFA 2018 Financial Report, p. 16",1660000000.0,1660000000.0,"FIFA 2018 Financial Report, p. 16 and p. 17",No domestic sponsorship,No domestic sponsorship,,199965700000,3268792408.53,"Russian Federal Government. (2017, December 16). O Programme podgotovki k provedeniu v 2018 godu v Rossiskoi Federatsii chempionata mira po futbolu #1277 [Preparatory program for the 2018 Football World Cup in the Russian Federation—2017 edition, #1277]. p2",1824000000.0,1824000000.0,"Russian Federal Government. (2017, December 16). O Programme podgotovki k provedeniu v 2018 godu v Rossiskoi Federatsii chempionata mira po futbolu #1277 [Preparatory program for the 2018 Football World Cup in the Russian Federation—2017 edition, #1277]. p2"
